"x","y"
-0.074017773848027,1.33294071834717
-0.863447870127857,0.677143797069385
0.0221343780867755,8.56352262441434
-0.656334436498582,1.4174533307211
-0.737007452640682,0.14867947948661
-0.909303850959986,-0.480601310489078
0.539977299049497,11.4791851816255
0.852689225226641,19.2459581096775
-0.224669698160142,0.0182136159900966
0.451660557184368,11.0591959214116
-0.50891345506534,2.17737778015987
0.120061900001019,8.60838347831415
-0.473584532737732,0.862794159151699
0.306738900952041,10.8865115594237
-0.33974971761927,1.46310306175713
0.998973378911614,23.415326881638
0.969963716808707,23.7687942203706
-0.663413656875491,-0.0591161480304298
0.41894907085225,10.7943810111611
0.121899181976914,8.42529854691678
0.4065689467825,12.1421380808227
-0.507310295011848,0.628228197135953
-0.0654057450592518,2.06673441487996
-0.576995779760182,1.41918536649876
-0.434134265873581,2.40306345943562
-0.440636354032904,1.1956118442064
-0.00397275108844042,1.3596466649336
0.994105513673276,22.5224473094134
0.198373508639634,10.1079658808693
0.747391569428146,15.6995191924223
-0.298113899771124,-1.0952295870583
0.622562639880925,13.810369217784
0.706194373778999,14.5387218296078
0.453586843796074,11.7346227199743
0.129349353723228,10.4379967494916
0.167936019599438,8.43226483251678
0.824223469011486,19.952181729207
-0.515984626952559,0.382304676347373
0.12789746420458,10.2320238079605
-0.220280231907964,1.02959049483326
0.337301403749734,11.2932305636977
0.569486513268203,12.9176670047144
0.377871684264392,10.4846675491517
0.707512347027659,15.6921932312705
-0.605587264057249,0.265476527587037
0.994384749326855,24.3729337936188
-0.721766230184585,0.572285035127243
-0.754426440689713,1.65787754767041
0.190258500166237,9.90743343770972
0.773652228992432,17.3242015247239
0.763211686164141,17.9724658764217
0.68029521824792,15.6191585703601
-0.213892528321594,1.56098284152336
0.271338979713619,10.7790127066582
0.974266505800188,21.1846151964963
0.368425949476659,10.0939362336113
-0.399153413251042,-0.891271042181121
0.913132699672133,19.4293781463232
0.259772709570825,12.2764981148861
-0.104631157591939,0.0730380187137434
-0.685908917337656,-0.35137725147039
0.0393596603535116,7.3681868507474
0.681214642710984,16.4726950751817
-0.169174737296999,-0.816535875355118
-0.177422010339797,0.0481383076193163
0.166952471248806,7.27020204236892
-0.809038601350039,0.681141994811647
0.60636743158102,12.2400797792253
-0.657849681563675,1.83987076200218
-0.0682516768574715,0.575812040219883
0.191048859152943,9.9837081394042
0.896311321761459,20.4959535518202
-0.988261950667948,-0.346231932203286
-0.544888536911458,0.606134991625186
0.4522012793459,11.4981852563629
-0.631842376664281,0.365427042159487
-0.00584623590111732,0.948987506945593
-0.727463675197214,-0.319712512489809
-0.503976566251367,0.965630597377526
-0.532604390755296,0.211669307038753
0.275401288177818,9.5458130541504
-0.105347778648138,1.57765865196695
-0.630275017116219,1.02088353795243
0.284222763031721,8.31835444460851
-0.631075017619878,-0.016099400866578
-0.700797176919878,1.51126324876519
0.16875823866576,9.53650626335137
-0.0389844039455056,0.442754476983093
0.795534794218838,17.9283229033516
0.399332085624337,10.9247138706465
-0.46083763660863,1.77382306675685
-0.347212937194854,2.3121722046166
-0.0716544277966022,2.6263095666835
-0.582126998342574,2.4084855542575
0.519022001419216,15.9624011914781
0.610888008959591,13.7064531521204
-0.70278301415965,-0.242755346810283
-0.429604536388069,0.221123937719162
-0.25426834076643,0.398601171729793
-0.974838798400015,0.34307683404005
-0.97708373889327,0.270409279657896
0.0308863134123385,8.58760682571561
0.052267549559474,8.27734563207997
0.367935075890273,9.59915223107541
0.292328286450356,10.6134181676651
-0.791509237140417,0.127376080379833
-0.701365562621504,-1.10134724966061
0.971088073216379,22.6722725843428
0.934383110608906,20.5156288939488
-0.678772906307131,0.250275906199492
0.520027983002365,12.4052112297095
-0.305380765348673,2.32967492301134
0.506787499412894,14.1009861444241
0.134531056508422,8.6292644140642
0.822281999047846,20.4634418140608
0.354445830918849,9.99375018497421
0.720652565360069,17.5542273369533
0.368278299458325,10.3980828428532
0.0804581590928137,6.36555985074498
0.786160450428724,17.6838566522631
0.055385678075254,8.46758423667372
-0.533237976022065,1.45336569410357
-0.639782941900194,-0.475978280506288
-0.471496270503849,-0.863654190298625
-0.270715036895126,0.402822841580413
-0.576715860515833,1.45511931189556
-0.278202367015183,-0.0303133198648399
-0.878418758045882,-0.386248495871409
-0.378513128496706,-0.442357951296358
0.0904412819072604,8.23528182882038
0.655067237094045,14.8158187419787
-0.231763454154134,0.953478641289394
-0.112653131131083,2.16842593996107
-0.177049584686756,1.33375504555907
0.698742943815887,16.2957493167485
-0.957531420979649,-1.4154133635514
0.154414660297334,10.5339656357347
0.862701109144837,18.5175917472653
0.209319699555635,8.0997772921685
0.884320667479187,22.8589670887462
0.562979610171169,15.9364651386474
-0.184030298143625,1.33204804179475
0.75336817279458,16.5382938740195
0.0914038168266416,7.95578557854511
-0.0928915678523481,1.76020719510471
-0.472938053775579,2.14836704693107
-0.0943963280878961,2.23519862874051
-0.582029261160642,0.591767232785336
-0.811031746678054,0.0251785625128055
-0.71885707648471,2.12342879629775
0.878201303537935,21.7550755048629
0.57123935688287,13.7431626935905
0.939707592595369,21.7424117836515
-0.695355609990656,1.08372173653362
0.619433300103992,15.6765808415047
-0.0284832753241062,0.623840932618447
-0.524318662937731,-1.64047550223159
-0.31486854981631,-0.501343231268346
0.56731501640752,15.7376409848494
0.898300458211452,20.1289312074393
0.988859947770834,21.6675688022428
-0.462301638908684,0.458147498576359
0.396678476594388,13.050497958885
-0.587742342613637,-1.18837328625837
0.396285092458129,11.9559425560299
-0.89950767531991,0.345859169700833
-0.559034965001047,0.44401996760278
0.366283113602549,11.1750985294209
0.151645668782294,9.75515180447897
0.907312953379005,19.7345227670518
0.687149153556675,13.0292576662284
0.986663047224283,24.6011748055533
-0.266342618502676,2.47938279297883
-0.208350938744843,0.116863259586652
0.815188000909984,17.8981158566668
-0.616331988014281,0.347923044898503
0.237348938826472,10.3492364027547
0.761809612158686,19.0815352218405
0.163780255708843,8.62021614809812
0.313303101342171,11.8901272235602
-0.417855604086071,1.0441268536325
0.961101031396538,21.6284926051111
-0.695611244998872,1.52565909664886
0.79266936192289,17.4454310542824
0.828795426525176,16.6742349753582
-0.916106023825705,-0.643681336298689
-0.233213302213699,2.82312341428904
0.245200644247234,10.0511170828279
-0.866298530716449,0.586687985975685
0.242921022232622,6.97290082817593
0.609809156972915,14.3745063813056
0.420891320798546,12.300165818087
0.637714080046862,13.1798652331226
0.853171057999134,18.5252930844368
-0.191518351435661,1.30589694283557
-0.792449985165149,1.57548913973011
-0.140064997132868,2.37163743844165
-0.840058385860175,-0.612504779615352
0.829573454335332,20.7420307508718
0.721183890011162,17.2007620352038
0.256221945397556,8.59495355727182
-0.391995032317936,-0.809502811393303
-0.095440405420959,1.37001284949501
-0.110350265167654,2.17058930853788
-0.0517279906198382,1.13437177991322
0.275871430989355,10.6649783733398
0.643541715107858,14.6696622833939
0.714615552220494,15.9697531282749
-0.584376940038055,1.26344891998339
-0.459781741257757,0.0870698643578529
0.262435102369636,10.2328619870003
-0.173328600823879,1.97486490681346
-0.108788883313537,0.8738191812521
-0.773378454148769,0.620576841443524
0.190170038491488,9.61439968213049
-0.20073989732191,0.64703786976658
0.576905615627766,12.3846172096769
-0.812486379407346,-0.484227596865409
-0.563748175743967,1.09667636587305
-0.00518673285841942,2.36129567409039
-0.061689926777035,-0.0454084272394257
0.591414081864059,15.5636680664261
0.0297144008800387,6.39166423422957
-0.770028671715409,-0.803065647439092
0.483116975985467,11.6263636327963
-0.506289909593761,0.245905416671194
0.724694388918579,16.3671142600381
-0.650935832411051,-0.814048810493695
-0.909623570274562,1.78679820964571
-0.357820181641728,1.45321919505901
0.595731682609767,13.7001220901862
0.145151111297309,8.82222610211721
-0.997550108935684,1.23369833761204
0.379469965118915,10.4526456930032
-0.538727375678718,-0.492852575330964
-0.171454416122288,0.925470039203525
0.528974188957363,13.984780711967
-0.561913570854813,-0.675641906769951
0.071635746397078,10.2226989365266
-0.410245906561613,0.746714914823918
0.146787033416331,8.54121975231617
0.993153357878327,21.6411504133105
0.798172021284699,18.7151441875185
0.744632766582072,18.700124112679
-0.828244376927614,0.313074898459812
-0.529603195842355,-0.324442021385538
-0.622928050812334,-1.27241377082043
0.760086575523019,16.4980889710756
0.631703632418066,12.1456501890578
0.750396627932787,17.1158616498723
0.460382572375238,11.7377143216976
0.0103021957911551,7.60127424462702
-0.109631801489741,0.375778806097447
-0.6790267736651,0.847869010733776
0.775870080571622,18.2670099795651
0.2510497556068,7.9362131551241
-0.00124696176499128,2.60893223071369
-0.455607727635652,-0.424716493251847
0.0282277981750667,8.96255355693255
-0.61050925264135,0.819686967950502
-0.0694296467117965,1.63250664737219
-0.403205767273903,0.321555731035934
-0.733594035264105,0.906444681563148
-0.51680436776951,2.43100898921743
0.643357778899372,14.2526807793772
-0.305089499335736,0.397610818264413
0.976474111434072,21.081456851809
-0.394872281234711,2.04591675596942
0.624743460677564,16.108339488242
-0.646123789716512,0.100479708554798
0.823072750587016,18.3597631494935
0.440242990851402,10.2117056274382
0.860168618150055,21.7704475975158
0.537224331405014,13.1589173130926
-0.156568461097777,2.28222379290047
-0.551353955175728,-0.632588757223717
0.467264381702989,13.9800983769181
0.590013390872627,12.3309911841119
-0.549832738004625,-0.927620451338636
-0.494532755576074,0.864529282903926
0.250763230025768,8.75566211503965
0.410631003323942,10.1476465025246
0.149665297474712,9.72398530415134
-0.136742965318263,-1.19579766402243
-0.761274506337941,-0.365506681148823
0.847594913560897,18.1241508214387
-0.0261484733782709,0.788653050761538
0.330999569501728,9.77477416051517
-0.952716542873532,-0.589547339010567
0.251921139191836,8.86991740467142
0.242382802534848,9.08986110657798
0.42327632708475,10.5374556365694
-0.296219320502132,0.0850624056090898
-0.728664542082697,0.725152205581123
-0.00668784184381366,-0.13503267603509
0.935839915648103,19.9085384944768
0.220005729235709,7.85965934435636
-0.939297830220312,1.21303120279628
-0.50170377176255,-0.710176725674697
-0.50132231367752,0.509231175366389
-0.355358303990215,0.794789341390816
0.570452789776027,13.7492874912947
-0.974771871231496,-0.943275419628251
-0.63303034985438,1.68041453456257
-0.260711777023971,-0.136007977089777
-0.268260528333485,1.58496066621322
0.613410186488181,13.5177598418328
0.085086400154978,10.894356565438
0.551960836630315,14.6694031946654
-0.134671396575868,1.62079015265859
-0.786679577082396,-2.13835363294906
-0.222921796608716,1.21869586119816
0.350576010998338,10.4544634013145
0.780561774037778,17.3812437464768
0.698813512921333,18.1320369557762
-0.0495070684701204,1.57237128508751
0.429121609311551,12.569446201391
-0.692011960782111,-1.03664142979038
-0.882963325828314,-1.23939717590296
-0.846894505433738,-1.52364317727334
-0.551031868904829,1.66551454884576
0.941698483657092,21.0242868031055
0.0187179031781852,6.60109465597633
0.181634770706296,8.22039954732909
-0.326104753650725,0.794944800506876
0.707256312482059,15.495887048566
-0.911900624167174,-0.163498666576413
-0.210307773202658,1.71774241625625
0.491011667996645,13.1612736387559
-0.166225966997445,0.384472909619172
0.371247537434101,10.2457687934544
0.292120100930333,10.5793544261479
-0.666272904258221,0.0297731684268757
0.260146842338145,9.88001271357878
0.52909163152799,12.4808697599482
-0.39375052601099,-0.373867703188543
0.621524935588241,15.3297730407056
-0.362824845127761,0.560758753697697
0.763971052132547,16.95602400751
-0.195907818153501,1.1177986981448
0.0498838466592133,8.45237872483187
0.565373265650123,14.8274881301877
-0.395898766350001,1.2028025474408
0.394775586202741,9.75264826938006
0.0767235271632671,8.0065549932728
-0.904632782563567,-0.885136432947481
-0.784018070437014,2.62691409014578
0.343445958103985,10.2464872262337
-0.849910978227854,-0.742257822095204
0.208141153678298,7.69643881641746
0.982060656882823,21.7301216861995
0.909067179542035,20.7322052131671
-0.971470351330936,-0.416226547799909
-0.770123065914959,-0.863914529102461
-0.465125238057226,1.7145141811518
0.558581084944308,12.9882196520833
0.603269185405225,13.1578034145728
-0.984451830852777,0.931834298081631
-0.33436449803412,0.615542925033474
-0.448470105417073,0.459033489304454
0.556880831252784,13.8887447866989
-0.726139911450446,0.259816209622636
0.38844014890492,10.3747510574721
0.798275628592819,17.8183585235437
0.652503173798323,16.3253596808951
-0.209481035359204,-0.409312966083352
0.952862190082669,20.9756791071612
0.52800248330459,13.6372069033733
-0.120603661518544,0.569546409069664
-0.507640635129064,0.759862844788073
0.248984722420573,9.66796736553728
-0.232928421348333,1.33875450307179
-0.725258555263281,-0.217496610518679
0.907941290177405,21.5432709950899
-0.333629027474672,1.5232560961011
-0.623239982873201,0.252486852261059
0.803794139996171,19.0966762777233
0.701374771073461,14.2181631645154
0.0751263671554625,8.21125680376881
-0.134745807386935,2.83837309829874
0.951470354106277,22.0264619257917
-0.0252637807279825,2.02815529021888
0.83407182386145,19.3998468166667
-0.367299749515951,0.199023150435847
-0.360630178824067,1.10968120340101
-0.145841014571488,0.382844459616539
-0.494845160283148,1.43759147678072
-0.553652612958103,1.79196707811568
-0.310208427254111,1.82832520076961
-0.413029619958252,0.358010153749759
0.384225122630596,11.7965520435209
0.209236598573625,9.51150623879892
-0.355404641479254,1.1502014119307
0.486013528890908,12.6670015267528
0.515070607420057,12.5473051132665
0.380965092685074,11.3156798080029
-0.664925809949636,2.08503007654588
0.537209005095065,14.2745659588745
0.709424471948296,15.3574930992806
-0.569277912843972,-0.133280767565245
0.38849986018613,8.93386722276829
0.43684907304123,12.0890202092812
-0.245786483865231,-1.05120377359604
0.727461378555745,16.9122693783771
0.935378433670849,22.1872794979838
0.514839350245893,13.8111935287916
-0.0643792795017362,0.766882014927506
0.526200402993709,11.3874787221661
0.154742154758424,8.68435095272719
0.0541847920976579,6.2236504287605
0.203778828959912,10.2195002857858
0.144341913051903,7.02457368224957
0.891508555039763,18.8818620239538
0.741671977564692,17.1686486047092
-0.17969807330519,2.0542193962475
-0.505530280061066,0.65498681892486
-0.733015339821577,-0.200161460374786
0.748438575305045,16.4758253929744
-0.70054370071739,1.5084244076739
-0.232341610826552,-1.05891738173484
-0.702940442599356,0.407381237516924
0.38881923025474,11.1093852004837
0.619213812518865,15.5480251084724
0.0406465884298086,7.44409602585062
0.876297198235989,20.604034485929
0.189032095950097,9.51155797644258
-0.423089041840285,0.838658285539783
0.0865909280255437,7.39390393401296
0.500057234894484,11.3056793754586
0.619168471544981,13.9718293357839
-0.479442548472434,-0.102892565759264
0.51258710026741,13.5765928188157
0.1984161301516,9.21127771237397
0.0731105045415461,8.6734610073581
0.788890334311873,18.0928822359118
-0.237117709126323,3.09852830188785
-0.685984248761088,-1.05005276677994
0.181619535665959,9.36203049382443
-0.793779111001641,-2.23113153997717
-0.234926194883883,-0.0218845048218042
0.490347138140351,14.3341697314556
-0.149735233280808,1.59616384030322
-0.326179267838597,1.75274511943484
-0.468635288067162,1.04270527945715
-0.517520457040519,-0.30664823109853
-0.254251787438989,-0.703779296110653
0.908176193013787,20.0338468624492
0.599400482140481,14.134500860138
0.611372714862227,14.1070508755233
-0.114867622964084,1.45994367814743
-0.549456184264272,2.08720211944242
-0.34115261817351,1.95133496496569
0.224812426604331,8.66320649376
0.326532292179763,12.4556679109437
-0.0677714133635163,0.952304630428918
0.26986825093627,9.83968290013539
-0.599393772892654,2.10401911765227
-0.0652983286418021,0.672449404574265
0.759845116175711,16.7907615348463
-0.839782004244626,1.30670171978296
-0.817722616717219,0.761600684276765
0.948859991040081,20.8330073269527
0.0488754874095321,9.6710664887614
-0.867778697051108,-0.0956599892190429
0.820759834256023,18.8147013710899
-0.0839373799972236,1.41738540689917
-0.491000678390265,1.60611918832433
0.36421634349972,12.0131030847596
0.709717989433557,15.9865159979389
-0.247941723559052,1.97170472783476
0.495063098147511,11.2105772815495
0.262831094674766,10.2779673737797
0.632605504710227,15.4106534186818
0.154180721845478,8.45711211897563
-0.408430750016123,0.805731919853528
-0.0771884704008698,0.17531630098677
-0.422369685955346,-0.814710285995913
0.616390471346676,13.4389706694449
-0.293710358440876,0.722337355416394
0.0903889080509543,8.08945952012793
0.618310275487602,14.3332056368337
-0.241725925821811,1.77340651114861
-0.545052915345877,0.382384481606914
-0.401132257655263,0.162814296364022
0.0279052895493805,7.79686067032261
-0.86998168611899,-0.0059470803710734
-0.902478685602546,0.851175306849616
0.125172543805093,8.40853029597796
-0.40673511242494,0.80970965903463
0.233993149828166,10.8465370737649
-0.219305677339435,2.47705843596814
0.282278497703373,10.3306060308735
0.0107494778931141,8.21697618201603
0.0662699397653341,6.63163729362016
-0.348811121657491,1.39442208821604
0.50201920978725,12.1604405171002
0.34841776965186,11.8292818240685
-0.207644721027464,1.19939455542091
0.144291713368148,9.74029535507221
0.0411952543072402,10.0897698679388
0.916525716427714,22.0877870963998
-0.713177004363388,0.260202257162447
-0.41455887677148,0.171827254719134
-0.0959339826367795,1.08779007134057
0.000577765516936779,7.76435125043752
0.0071470970287919,8.25619388633259
0.613047807477415,14.6295598605214
0.854605739470571,21.2007898649346
-0.709864722564816,-0.636506056998602
-0.184989927802235,1.29405099231575
0.618909156881273,15.6493268735769
0.973255256190896,21.6413947695923
-0.593199591618031,-1.21343033836498
0.510427334811538,11.1996044951203
0.950485043227673,21.2164481633165
-0.669893284328282,-1.91593113515519
0.835864875931293,17.9307702096018
-0.625681183766574,-0.822368384495442
0.192054605577141,9.45317761713862
-0.11276553850621,1.85299870289859
-0.438134879805148,0.211772024416058
-0.291500185150653,1.54669099034286
0.289534946903586,10.3877153082303
0.94571514101699,21.42114766798
0.102484007831663,8.0667458460392
0.868470919318497,17.8036899421166
0.779269516933709,15.8955802285205
-0.814886978361756,-0.830882760909065
0.468835344072431,11.6975152638704
-0.263411578722298,2.19992995727701
0.710940129123628,15.1358485075462
0.88056053314358,18.4593007655284
0.483717582654208,11.2286011955686
0.34589630831033,11.1320068854595
-0.670317222364247,0.871218360457944
0.499733173288405,12.7441991601205
0.33451767032966,7.75323704453794
-0.352771207690239,1.62688005082498
0.821422973182052,18.5347470292826
0.60756069701165,12.7352249782837
0.293896352872252,9.25470904305323
0.272851393092424,7.83500722949507
-0.361281148623675,-0.55832703723843
0.177187476772815,8.69419670994806
0.85982010466978,18.2472677052191
-0.35559767158702,-0.848859858949083
0.132917737588286,7.92886247578396
-0.673893421888351,0.403930149105335
0.95945033011958,22.039893626786
0.277961241547018,9.65391452445623
-0.166856431402266,0.783208182158039
0.665744640864432,14.7098108956622
0.684529714751989,14.761138012002
0.97079067863524,19.9502051985527
-0.456005686894059,0.1605215404278
0.471547457855195,11.6315215034415
0.539768524002284,12.4960115919891
0.615011455956846,14.9522049976628
0.835923362988979,19.6650722667466
-0.47388898069039,0.713238662125193
-0.0778680937364697,0.576332025861368
0.113635676447302,8.56031880920972
0.122467054519802,9.35688417153901
-0.772031920962036,0.212094593636278
0.974445456173271,23.4851688708832
-0.678762447088957,-0.773472496118722
-0.166703668422997,1.91384032188579
-0.829406694043428,0.107620232107841
0.209077055566013,8.86498369788023
0.628363005351275,17.2009127266824
-0.66305716149509,-1.24128541415923
0.784792025573552,17.157148266633
0.468128938693553,13.2274455682957
0.649414108600467,15.2604472140968
-0.860438044648618,-0.660072717741271
0.710309477522969,15.8802568314893
-0.42474936041981,1.63489290162661
0.277452806010842,8.89058510397241
-0.297400671523064,0.809476834420409
-0.337621082551777,-0.776541655512338
-0.377078576479107,1.66649699598278
0.899085003416985,22.1287306536479
0.328173325862736,10.5663015278397
0.558948761317879,13.7097093251985
-0.937189037911594,0.81524548787062
-0.904041272122413,0.979044047280645
0.290850095450878,8.99754236775559
0.0629110154695809,7.50847839202161
-0.591925057582557,0.497871164834025
0.688121156767011,17.3928317457949
-0.161671184934676,0.0551734279265277
0.970835525542498,21.4828779836701
-0.897529524285346,0.250804188236721
0.319958221632987,9.00031809008855
0.848496812395751,18.6474311928689
0.234673032537103,9.92029017630859
-0.724659933242947,-1.264226276239
-0.57932538818568,1.16398580882207
-0.829075414221734,-0.421691703072713
-0.352634361479431,0.779077605225744
0.523855592124164,12.1874451849991
0.0971886743791401,9.25722092623373
-0.689470941666514,-0.206973876658556
0.701096408069134,16.1052878925665
-0.00364917237311602,2.53446185962421
-0.406250912696123,-0.524892775761539
-0.663085711654276,-1.31496433406297
-0.958905826788396,0.5203648600298
0.106469342019409,8.29178200939123
0.605886023957282,14.3430092416429
0.501436684746295,12.2567412849514
0.854834561701864,18.3105706851225
0.432288164272904,11.2088074988421
0.863768648821861,20.4128444771301
0.844647778198123,20.2959873852861
-0.77987583167851,0.524010770947431
-0.143788140732795,3.05098828003562
-0.808479250408709,1.99227824634515
-0.755683029536158,0.0114620956424542
-0.288120315410197,1.43468927424373
0.384732274804264,11.7064853227819
-0.97343517979607,-0.681531002717613
-0.372355537489057,1.17428263207206
0.77041691262275,15.7321051624233
-0.798302823677659,0.332060579019338
0.164025167003274,10.3152835487551
-0.321835621260107,0.425569534439518
0.896763127297163,20.260660909445
-0.957530765794218,-1.3718458570138
0.974885851610452,23.1007782559487
0.270236434880644,9.06416090317795
-0.808659717440605,0.582454757841862
0.699582692235708,16.3082805790735
-0.982058131601661,0.378500469604571
0.36956430785358,10.5862981177182
0.69855344388634,15.6246800963958
-0.0648384136147797,1.952694803014
0.124685343820602,7.61655976766512
-0.727009311318398,0.509806904125441
-0.225222707726061,1.38080907105952
-0.301278257742524,1.8624350131911
0.80683947680518,16.8306408676007
-0.195669557433575,2.30477790167254
-0.44294938724488,0.0697422356941406
-0.0444753812626004,0.115318573295432
-0.627176120411605,0.161530535219184
0.734845765866339,16.0871388838203
-0.460796801839024,3.43052753924128
-0.853975168894976,-0.59935582907406
0.1243533375673,8.79061794297453
0.583723273128271,14.9175855413262
0.569669083226472,13.7724889212917
-0.294735284522176,0.506474351037639
0.933509360067546,19.7480840037934
-0.349131787661463,1.44244072861676
-0.255405350122601,-0.509015200789462
0.996054978109896,22.7751420346106
0.701428669504821,13.9513398219279
-0.0908277416601777,1.32077090510958
0.178551163058728,7.63790793551146
-0.485273264348507,0.457402069925299
-0.25694388942793,-0.083786544952263
0.191846307832748,8.09902457448762
0.0702417478896677,7.47133296287583
0.650099876336753,12.5218358112246
0.564997350331396,14.7965457703906
0.568864877801389,13.3324950061716
0.759099421557039,15.9731953298684
-0.176992774475366,4.13707562615056
-0.653361873235554,-1.29422539114029
-0.59970780601725,0.607927980728097
0.596115628257394,14.4157646919543
-0.659374670591205,-1.62841516197232
0.659968814812601,15.7224769717012
0.434448026120663,12.0436796542614
-0.0251823626458645,3.359554719917
-0.975021943449974,0.0966995816588111
-0.521580498665571,-0.356969635782027
-0.355901464354247,1.64492366712798
-0.938671504147351,0.900993277354064
0.285352205391973,9.70386038145508
-0.17059872765094,0.747574996888704
-0.319316342938691,0.154562214637668
-0.891425698529929,0.140014364871003
-0.541350674815476,-0.273818173269888
-0.331934869289398,0.342428522106405
-0.331806627567858,0.46969569887877
-0.993069269694388,2.06685552364132
-0.649999005720019,0.728460270391334
0.382257674820721,9.73605903469002
0.213850904721767,9.05006680542303
0.338026297744364,9.91435425454717
0.390061741229147,11.1970750845725
-0.956011734902859,0.172070328057271
0.842873697169125,18.929337975728
-0.702357685659081,-0.155114390334189
-0.110038289800286,2.38232113432326
0.129504014272243,6.91230928647615
-0.76293129613623,0.165127186701338
-0.261922264005989,-0.016497914518169
0.327629961073399,10.36473089302
0.623530940152705,12.7478960996634
0.615619591902941,14.653779985968
-0.260485314298421,0.529119790412877
-0.28509531263262,0.310544278965014
0.347744563128799,9.81740645287081
-0.162643391638994,-0.180142928734275
0.739522548858076,16.01741784911
-0.702297075651586,0.388517029816708
-0.812951283995062,0.0780729775859217
-0.60607085749507,-1.07491990294311
0.906965355854481,22.6896239445782
0.982517742551863,21.7510305621899
0.281464777886868,11.0184042605441
-0.512579331174493,-0.679630629441407
-0.0802897135727108,0.604107062587902
-0.384561328683048,0.212338297671343
0.728376963175833,15.3413645155724
0.0466266670264304,9.10939448926892
-0.103517564944923,1.96544558825744
0.126665177755058,8.91937163903587
0.616985880769789,12.1208046354827
0.15013442421332,9.65232747100001
-0.0188584011048079,0.760000788480809
-0.455642336979508,0.982525363856408
-0.804554771631956,0.740703969087113
0.203059653285891,8.4940421025002
-0.438050353433937,2.04900515345714
0.548373131547123,13.2858488247991
-0.028206002432853,1.22948963574816
0.153417015913874,9.53162518623608
-0.348364076111466,0.997003619045129
-0.481509845238179,-0.565044858373358
0.979751450475305,22.1430852978529
-0.935386850032955,0.381323195907467
0.42756413994357,12.8412885351391
0.942088925745338,21.3914545826403
0.538339852821082,13.6729077358422
0.278858470730484,9.54757087211085
-0.789179427083582,0.547215057894312
0.238640567287803,9.14379270055037
-0.646181202493608,0.885674409323804
0.180376527365297,8.1132903841461
-0.632403552066535,-0.0275994710921442
-0.62471324019134,-1.08457961512666
-0.620116880629212,0.348287941264624
0.217248048167676,10.7508719210691
0.661752475891262,13.9449193893401
0.63221987336874,15.4873270250343
0.0293438583612442,7.71337623634368
0.421905470546335,12.8272186926623
-0.481121919583529,1.68380792577895
0.0988841624930501,8.97331758326807
0.435377486050129,10.0464123903715
0.512495106551796,13.3499823220487
0.665896636433899,14.6793841286573
0.210922203958035,9.2760766445633
0.150444348342717,8.5838435353891
0.512930382974446,10.2925793320126
0.721297498326749,17.5450642675663
-0.467126795556396,2.34292432700286
-0.143542781937867,1.52707387750291
0.577645619399846,13.3041532911291
0.761687494814396,17.315064327779
-0.504515831358731,1.0222415157899
0.194319816306233,9.83167699466796
-0.537049771752208,1.65651159523882
0.345876331441104,11.0723575865261
-0.792366553563625,0.547058371862222
-0.102296293247491,0.0415797047231479
-0.432780067436397,1.37462494422589
-0.0985838924534619,0.678776478179725
0.164255684707314,11.6689555199883
-0.77701358916238,-0.499051270782532
0.490043449681252,12.5473850330356
0.731367823667824,14.8830701586966
-0.293912630528212,2.50773409765881
0.887308054603636,20.0044045178082
-0.900297779589891,-0.133143912175046
0.0619965614750981,8.64775699062984
-0.657067750114948,2.07346057926288
-0.846735274419188,1.24904174636635
0.0539987981319427,8.16511186263818
-0.868376961909235,0.31145359182356
-0.674543745350093,0.552548803020384
0.156081664375961,9.14687189175608
-0.00811021635308862,1.69397275915454
0.21615883987397,7.19584924153685
0.435261300299317,12.7167629744257
0.240630106069148,8.21729160455975
0.808160678483546,20.2598324745974
0.454773331061006,13.4510719581453
-0.95853690430522,0.988368607921469
-0.971629588864744,1.18756666072698
-0.831521685235202,0.476914524299188
-0.334706050343812,0.726873853607241
0.473216224927455,13.5646868156887
-0.635465376544744,1.50948974420593
-0.227962118107826,1.33681694984957
0.746026196982712,16.6077586758793
-0.438853682950139,-0.0335568920494788
0.0508404555730522,7.35850856983332
0.404403920751065,10.1838302402999
0.657482682261616,16.7709752283256
-0.73387894500047,0.47122320377245
0.311310228891671,10.069287555363
-0.575366011355072,1.2823711903791
0.553416551556438,12.862941738013
-0.372498189099133,3.61207947727351
-0.664983736351132,-0.197073511206818
0.191112143918872,9.60866415269198
0.277369119226933,9.68617990976788
-0.160258458461612,2.70184145644872
-0.0672479779459536,0.257351834350704
-0.554050027392805,0.108168281075576
0.38747698860243,11.422610997198
-0.382111547980458,0.689048164362625
0.352803215850145,11.6330837615881
-0.903001437895,-0.211238282467816
0.640721735078841,15.5286089268369
0.554774061776698,13.9962326349419
0.0805384311825037,7.90744533379825
0.559763140510768,12.9910774102516
-0.305389797315001,1.6630792254329
0.507663214113563,12.6520829395452
0.27914906386286,9.25505218906112
0.83864989830181,18.6608088091048
0.0106840515509248,6.58210750960719
-0.259556222241372,1.63573215724406
-0.761377564165741,-0.52069587736842
-0.449661201797426,2.15923032120423
0.251108372583985,10.1717293495494
0.584410594310611,12.6302560057678
-0.451449448708445,-0.0123801512146529
0.102670510765165,7.37468990261725
-0.939921584911644,0.157510760398927
-0.198100588284433,0.0593576213266755
0.435424634255469,9.93752776585432
-0.964413894806057,0.46828845053899
-0.742360213771462,0.59712188938038
-0.586917320266366,0.342758107643394
-0.315306780859828,0.0432764474535891
-0.756974161136895,0.883983782125672
-0.455209126695991,0.469687359201471
0.81647872691974,17.9239739422905
0.223636828362942,7.77291575456683
0.403043143916875,11.3507346006027
-0.343387426342815,1.94208571981609
-0.564516935497522,-1.14089577107367
0.935820125043392,20.3724841566101
-0.374136722180992,0.0240095001391978
0.126363154966384,9.04537924053327
-0.323688283096999,0.493526022054782
-0.713336921297014,1.03557380303357
-0.392295728903264,1.28817051575201
0.283562462311238,9.5417065885536
-0.678191061597317,0.438836861000889
0.250054428819567,8.91517576779208
0.169004001189023,9.73410039976024
0.675513982307166,13.6040064658759
-0.503019651863724,0.0210293675661866
-0.485788368619978,0.398454788654181
0.422489024233073,10.3739229625422
-0.0634254463948309,1.51199658558414
-0.0770326275378466,2.02476843966459
0.321877516340464,10.947259138514
0.367147900164127,10.1922479755028
-0.949733202345669,0.0642095080103505
-0.601997312624007,-0.298098524008938
-0.146158332005143,1.17492699141872
0.328462112694979,10.3141682563996
0.994224394205958,21.1437613004978
-0.333696156274527,1.1433126094372
0.998091966845095,22.515369871378
0.403199555817991,10.8928794100021
0.906363091897219,18.4315090134581
0.603248146828264,14.5531966757988
0.622680594678968,11.0317321238615
0.592629029415548,13.5226530685123
0.100870397407562,8.7573574944353
-0.280784390866756,1.88526690533502
-0.728956021368504,0.852985330689799
0.629609583877027,14.1813955002828
0.238336940295994,7.93303406472044
-0.965155517216772,0.0958722950246019
0.332355534192175,9.11095944024077
0.12164044752717,7.47437263921647
-0.302620902191848,0.651944221635029
-0.614028095267713,0.537803234379182
0.607589953113347,14.9874323703253
0.218048901762813,10.6423725120279
-0.646798577625304,-0.370018194298531
0.315777515526861,11.4615510695612
0.300863547250628,10.8401850129694
-0.0247112261131406,1.36364928035854
0.600900410208851,14.141537097101
-0.133813673630357,2.14282416857837
-0.217529388610274,0.261623615495154
0.965041032526642,21.393582344037
0.186656582169235,10.2718210801409
-0.494862386956811,0.773585264640733
-0.910747953690588,0.5900726308685
-0.54694726318121,0.934112677137393
-0.664850634057075,0.534773265436772
0.25187920872122,10.2888769122096
-0.594003004953265,0.626779995524151
-0.0240572900511324,2.46698267525776
-0.425827809143811,-0.088895371236284
0.874568541534245,19.9063911674837
-0.161575106903911,0.9633579164416
0.814627969171852,19.3908927876402
-0.734004981350154,-0.145157491294635
0.805359120015055,17.7125150302905
0.556393790990114,14.3955780755908
-0.215481151361018,0.531929317761392
0.600843959022313,15.494616375252
-0.861614387948066,2.47920780644057
-0.0286067510023713,1.94130484901831
-0.601746786851436,0.5896191845716
-0.309728472027928,0.537732802252989
-0.438553912565112,-0.165515049698756
-0.76902342075482,0.628269982875665
-0.872994032688439,0.861468815958364
-0.0255348836071789,1.26290622899538
0.631134478840977,14.3878323723157
0.827696304768324,20.0951803827253
0.321546526160091,10.8481324066704
-0.906685941852629,-1.19789753284895
-0.38593116402626,0.696761760540701
0.672585135325789,13.9319083587006
-0.73051275825128,-0.726362408973787
0.660901962779462,16.5989169888777
0.0978641482070088,8.3889844803773
0.444889662321657,12.9275564287594
-0.0549617358483374,1.17103023879569
0.147634369786829,9.04565367543563
-0.647749334573746,-0.439142358246359
-0.649721420835704,0.635380283078434
0.512105857022107,11.845410637159
0.0912709305994213,6.21591480711961
0.431446423754096,12.2855696710187
-0.946499589364976,-0.550052989797456
-0.97460351837799,0.942635291114193
-0.332279579713941,-1.32086827965765
0.525538047309965,14.093467348023
-0.459048158954829,0.950911303625875
-0.46257025655359,0.99322344391255
0.882163821719587,19.8366211662104
-0.332107160240412,-0.0038766046113865
-0.679179830476642,-0.357835037082059
-0.948950359597802,-2.05762371888799
0.794325517024845,20.4934511413103
0.604023565072566,13.6260754647327
-0.538475056178868,-0.143299998871261
-0.102566939778626,2.01635281050795
0.0416953708045185,6.16325075881137
-0.692196373362094,-0.827654283454899
-0.06010009534657,1.33877194993762
-0.0485512837767601,0.567391972051032
0.995723406318575,23.567421720595
-0.818507140967995,-0.28209426605326
-0.408794228453189,0.499289847894968
0.547938411589712,12.7529085193356
0.641885349527001,14.0814078758444
-0.222706403583288,-1.10804706280843
0.464885320514441,11.518828675389
-0.85605868184939,-0.0346179520745778
0.498891777358949,13.3660731783083
0.16008992632851,8.88246743298646
-0.214493219275028,0.683474629126419
-0.619721398223191,2.54854869386511
0.742347671184689,15.8657725487051
-0.203582455869764,3.06756275202964
0.433282031677663,12.1080535066219
-0.448972224257886,0.999107055013814
0.808173499535769,18.6738423433586
0.211572113446891,7.915542624928
0.255736574996263,8.58523202237904
-0.520494417753071,-0.0259415564146748
0.0465599671006203,10.0771812282365
0.245071966666728,9.24556502592568
-0.857502201106399,1.26382733851114
-0.473446300253272,1.80763490010834
0.676996551919729,13.6144922939823
-0.636902573052794,-0.310354384247877
-0.9520358229056,-0.93831222720246
0.283317282330245,12.28337913402
0.768006104044616,17.7465239912834
-0.39298547571525,1.04761813250087
-0.171066542621702,1.97383377499918
-0.649617475457489,0.948451264722386
-0.291911776177585,0.118743364807267
0.483564254362136,13.2102618870108
0.448381163645536,10.800911278188
-0.893797472119331,-0.43547712895878
0.353797305840999,9.74017357237859
0.562788521405309,13.0206042368385
0.384089831728488,11.6600367056525
0.273940537124872,10.5927843585536
0.541313760448247,13.2083454969994
