"w","y"
4.03472923440859,22.7435447848392
-1.77103993250057,-0.0385972964378821
-2.00084412004799,-2.79075099959535
-0.575676208827645,0.915091316266971
-0.701031549833715,1.65746475338932
-2.29700898518786,-0.803227795431999
-0.96279343822971,1.45950129122113
3.04379163309932,18.1768415293737
2.71934443619102,19.7970440744918
4.84609203180298,23.6603031471407
-4.04211073881015,-3.64868060128931
4.80694925412536,22.4660342961797
1.47119140485302,15.7866948322467
2.79702290892601,19.3673238832016
3.26191734988242,18.8176252257066
2.23337162286043,17.6076440908464
0.64174302155152,13.4815657933247
2.05600135726854,17.9374714312586
-1.01685627363622,1.78798286258106
-1.77472611423582,0.499881242859605
-2.79676970560104,-4.56175822636723
3.40600023977458,17.7335931184446
-4.09888746449724,-4.56588800054231
0.450857852119952,13.7820755777793
-4.75930055370554,-6.51626008906439
-3.27910284744576,-3.64126070631899
1.82753500295803,16.5822920338289
-2.20612160395831,-1.26283356587809
-4.69367770245299,-8.02236850543694
3.25500974198803,19.927131871832
-1.10557095846161,1.71593946629209
3.55890335282311,18.6133090016391
1.15363711025566,16.7558858388423
2.11962474277243,17.0464132580863
-0.923240026459098,0.883522388033897
1.33476470597088,16.9763823595714
-1.84582216665149,-1.01945285546942
-4.76227646227926,-5.30624973909266
-2.98040605150163,-2.75148019521846
0.484497116412967,15.0631521467822
0.319507087115198,11.8723185146992
-1.05040883645415,0.641211677238515
-2.21937197959051,-1.01019855290035
3.63417948363349,19.6467618589935
1.84241952840239,17.8630640868823
-2.45065512834117,-1.29305658291571
3.95229300251231,20.0813865896036
0.572029096074402,15.1259270686242
-3.76892848871648,-4.06889967420081
3.84920287644491,20.6079250680608
-1.48778491187841,1.42956099034384
-2.03542952891439,-0.521284918713117
-2.74985238211229,-3.19396428150291
-4.3372642621398,-5.90361743850106
-0.148651981726289,3.84133248167207
3.31905125174671,20.2332515517714
-4.66070173541084,-8.47887571146027
-0.775823395233601,-0.204632194523413
-2.81616506399587,-2.50485993359589
-1.73764749895781,0.329280783212945
-1.72578301979229,-0.978449704609992
-2.47073602396995,-2.01691039711319
3.90231425175443,20.7344453460305
-2.13208936853334,-0.628142004181192
1.96776983095333,17.1531097310148
0.522853855509311,13.1477033626064
4.49707818916067,23.6695218724894
3.58368564164266,20.6677263400595
-1.63625279441476,0.119231488890152
0.361336264759302,15.2729910328389
2.71210361737758,19.3441932712616
-1.94464910076931,0.443021600952022
-4.4023688393645,-6.2468121582268
-2.88825124502182,-2.66329181413612
-3.11297679319978,-2.67776281886696
-1.82704710401595,-0.671734963740756
-1.46549918688834,0.0439599686642767
-1.79676725063473,-1.05190761032421
4.88062989898026,25.5110410043781
-0.931753874756396,1.06572254571946
-0.894323112443089,1.58635531401945
2.33404504368082,18.7464147503768
1.16582981310785,15.3769049973907
-4.52988459030166,-5.58545822402196
-0.433405274525285,2.35638051840245
4.83211286365986,23.0403683415505
0.948142698034644,15.7238962948826
2.99461852293462,20.1151732491542
-1.98988084215671,-3.42030624161509
0.762157293502241,14.645644267233
-4.9849403440021,-7.08376715944534
1.32720266934484,16.4504818822537
2.2273003985174,16.9107569701061
0.915558545384556,15.306374360906
3.0206472822465,17.953126741096
0.228836496826261,12.9525526971489
2.99036891432479,18.2447880615902
-0.405061787459999,0.871051793733576
-0.436377292498946,2.65333099835372
-1.15079163573682,0.534369007214701
2.99226566916332,19.7724371918901
1.25864594476297,16.564455782871
1.6652492294088,17.1904214956127
2.91230144677684,20.0243923439882
2.24550562445074,18.4677903693097
-4.80027355952188,-5.24830668791328
-2.2001643688418,-0.406180692261853
3.65843889070675,19.9173399391347
-2.27218833519146,-1.06272358121786
-2.47634425060824,-1.31176047926786
-2.91081096511334,-0.361584477195896
-1.37435787590221,0.050744770328006
-0.529073597863317,2.3512546851534
1.58871447434649,16.2857065754759
-1.33020866429433,2.03434397775255
1.93294765427709,15.3435811638227
3.20062917424366,19.8809338811787
-4.30884312372655,-3.24324015004028
4.12651455495507,21.1155823984371
-4.61590881692246,-6.85671046460323
-3.1365115288645,-2.41664660682773
3.2798350835219,18.443937626307
4.43286916706711,22.0445566736407
-2.67651834990829,-1.34155081764167
1.20031973579898,14.8817057648461
4.96363804209977,23.7374373464112
0.295145222917199,12.3899725771306
3.96910477662459,20.4531640694613
2.78749163495377,19.0232213829533
3.23412557132542,19.4970784945231
-1.61789152771235,-0.690863170991869
4.81374386698008,23.4363064051919
0.106357629410923,12.4902759254326
1.66397793916985,18.650033256515
3.02869379520416,20.4940796043166
-3.06590605294332,-2.13628826802307
-0.216087787412107,2.60368588568145
-2.61551509844139,-4.17281988326563
1.63182017859071,15.9544682208308
-3.49591583479196,-3.35626762669841
1.8099096021615,16.4769496913417
-4.9383258074522,-4.74109070757036
-1.58737583784387,0.0850521362095966
-0.919085969217122,1.83920439497387
-0.236313894856721,2.77154128182777
4.07403725665063,18.1337716937076
-1.39345884555951,-2.08051266736683
2.95975968940184,20.3320118919175
-4.28862933302298,-7.74411762831005
-2.81477385433391,-2.19127294010673
0.217317503411323,13.7990972078765
-3.33576128818095,-1.34924264426041
3.55800364632159,19.4278033662585
4.25745145184919,20.3913840066584
-1.65586105547845,0.0411561652483267
3.2987552229315,21.0741094232298
-1.48568305186927,-2.20596343551455
-0.759469328913838,0.591347415969006
1.65685017127544,15.3032444516918
-4.18808084446937,-6.10108430808212
-1.17432145401835,0.953633123407601
1.69661459280178,17.1407939925564
-2.4885930120945,-2.03949701421863
-3.87336780317128,-5.43410366604532
-4.44391294848174,-5.7075020755334
-0.938387005589902,1.65249334270251
2.98569918144494,18.9253824464859
4.27552087232471,21.3606395144914
2.2667403309606,19.0950856944779
3.08061861433089,18.7394131187884
4.36266146833077,22.400484756355
-3.77113759284839,-2.45196539048785
2.61835907585919,19.3155707655373
-3.96218073554337,-4.01251409944515
-0.102082181256264,2.93423079542332
0.778545166831464,13.8917634828865
0.842510424554348,14.256933510005
4.06842106021941,21.6675678057732
3.83256012573838,19.7874350139298
3.36139551131055,20.5420982925227
2.01673722127452,17.3691308554421
4.38497453462332,21.2118913823277
4.82342140981928,21.8728306900754
-3.01016724435613,-3.81929355293446
0.159905478358269,11.9875136246707
0.00447609927505255,12.8284090724322
-4.2955319606699,-4.24091833374083
-3.78833836643025,-6.52124677671174
-2.50728157348931,-3.09770820957734
-0.294593602884561,1.56653021533033
-2.40114943357185,-1.11970499408931
4.2040539602749,21.7895270848433
-4.84829004388303,-6.88312480620914
-2.81289997976273,-2.72961039344359
-2.15994127793238,-0.408132390569377
2.90815182495862,19.4135805618417
-3.60560067929327,-4.05283362208404
-4.08257554518059,-5.47956189532536
3.37145891040564,19.9370952695674
3.07781562674791,17.0956634288766
-0.8902060193941,2.26788376050314
-3.40697637293488,-3.67694512159171
2.44799094740301,17.4406774569502
1.17804276524112,15.8816974651904
1.50244770338759,16.9871655098355
-1.81764487875625,-1.14390932055835
4.17197487549856,22.6311456010877
-3.98294272832572,-6.03090997590835
1.90761351957917,17.2777586594251
3.25724804541096,20.6088816814948
-3.61336430767551,-2.97384791052824
0.271707463543862,12.7706005727021
-0.050672315992415,4.83466439665724
3.4061012789607,21.7054485275888
-0.211754711344838,2.53976999262241
3.27594288391992,19.8830567824811
-4.49667432112619,-7.1252482509638
-1.23809133190662,-0.236288001005387
2.85827655112371,18.8791964123978
-0.496715537738055,2.05119093157695
-1.97974940761924,-0.0560625343332661
2.49162411317229,17.9682545716027
3.86736556189135,20.6026113121077
-0.0661791558377445,3.35707603791184
-4.92692631902173,-8.50287839542336
0.3509829682298,14.6123568679816
0.699265708681196,13.1155350277979
-1.60215943818912,-1.03285970580422
4.84085695818067,21.8288578680925
0.198749976698309,13.197653544351
3.13453641952947,20.4102951862003
-4.97634395258501,-7.20541393435976
-0.853265069890767,1.98700175270009
0.515435768757015,15.3209081183898
4.43831456126645,21.9968460783271
-4.00535459397361,-5.13267397008989
-0.308528793975711,4.20756593342083
-4.12160408915952,-4.61605157745858
2.86553584504873,20.5402666096874
2.84214350627735,16.9994660691131
2.96382400440052,19.0019154678337
0.0982141285203397,12.2521007462337
1.5621728496626,17.4535419370147
4.00916549144313,19.9468837362573
1.70879407320172,16.4061498396519
1.88058388885111,15.44643161119
3.3080152166076,19.581736508138
4.46690310025588,19.5283145765666
4.24982773605734,19.1346475860814
-3.75935700489208,-5.7088794036829
-0.680128543172032,2.29001483481169
4.05928540276363,21.6771034227233
3.17252070177346,18.4705257781179
3.99872235255316,19.742913645938
-0.159230523277074,2.39283439340428
4.73339993972331,22.8055194630293
0.139791341498494,12.90343886998
-1.99348857626319,-1.66761883903953
0.592688166070729,14.3206079311042
0.281031294725835,13.2605951397028
0.849098563194275,15.3319124975484
0.00148165738210082,11.2519309202613
-1.97607123525813,-2.20370391925947
-4.39882293110713,-5.26065645327918
3.28354888828471,18.2975184178357
2.37919425591826,18.7740414808039
1.51037129573524,15.3795494408147
-4.62567629991099,-5.76044341736651
-4.48887653881684,-5.81060622876056
-4.82990297721699,-5.62701940780484
0.319308824837208,14.9395137595057
-1.31016205064952,1.38038622876427
4.29193657590076,21.6029292802542
2.69972019596025,17.4138157164841
-4.23819444607943,-3.97904253444569
-3.22760802693665,-2.80183488870134
-2.05195417394862,1.11357582526686
-2.93615811504424,-1.88017255652274
3.58910041395575,20.7871124094016
0.299107057508081,11.3645389395797
1.30253242095932,14.6732612800581
-2.51315096626058,-0.340510556596859
-1.25132646877319,-0.317436333914201
4.71654525958002,21.5665841585119
-3.19046244490892,-3.88041244638495
-1.16541822673753,-0.162996645637103
-1.00020830519497,0.886345351807663
4.65695607941598,22.5919045890078
3.54723358759657,19.253944901432
3.50200646324083,21.0004822090239
-4.00462050922215,-6.5270588420738
-1.08967450680211,2.28458892489408
-3.50754557410255,-3.2672325692609
3.61586706945673,20.387169527076
0.532931936904788,13.2167718626839
-4.08095579594374,-5.08635956455275
3.80367224104702,20.1852469086125
-4.45534977130592,-4.65983636439632
1.72526539536193,16.5204587537661
2.4348886590451,18.1094089516487
-1.03915058542043,-0.0281335505775213
4.63482968043536,21.5203577151052
-0.363894174806774,0.300743469558529
-2.29830827796832,-0.548644157335228
-0.0491921999491751,4.50293371247025
1.22812852729112,15.6429845629002
3.30614927224815,20.1054153870491
-1.32449563592672,-0.383110919447995
-0.694461755920202,0.528069975964529
-1.33901763474569,1.25259843467877
1.91775567829609,17.1439607852216
2.82525839516893,19.1900711270639
-2.96115236356854,-2.64252213561235
1.20371101656929,15.7079882005694
2.23073997534811,18.019548683091
0.204082080163062,11.785272597591
-2.44334747316316,-1.69350756208682
-0.94522864324972,0.508530817216847
-0.702284302096814,-0.128245797908482
-4.79408040642738,-6.47280655954046
-3.74015216482803,-4.19028812191304
4.95724804000929,21.7025231290946
2.27664634818211,18.3222467297368
-1.29733680514619,1.08782597386341
-1.96081566391513,-1.29265166225877
1.63293772144243,17.9138329235577
1.32705726195127,13.4199012018729
1.6217377060093,13.3070811838094
-3.09287492418662,-2.68857373343863
-0.0611499766819179,3.13471974524588
-1.11353309825063,2.29147743379033
-1.38966681668535,-0.348126748596422
3.53558960370719,19.3681394172396
3.20727424696088,20.2932468493231
0.874340392183512,14.0485467952146
1.62971538491547,15.7868280002986
-3.35549697512761,-4.61859226844819
0.731563735753298,13.8126963878129
3.71852930635214,21.2514456807817
1.52886527590454,16.7736784517161
3.48010474350303,21.8015263612208
2.6632098457776,19.4308593232799
-2.37221431452781,-1.94974569894818
1.832853439264,16.1532109636321
-2.73448402993381,-2.55159527613425
4.54513791250065,22.6995207882358
2.79208685969934,18.1158633310345
-0.603171761613339,1.48026448268463
0.581343213561922,13.2272126415193
2.49779462115839,17.3674917787364
3.4565435629338,20.4225068185945
-1.88276588218287,-2.28794109754086
3.18496979307383,18.9020308864801
3.50703957024962,20.0855465400838
-4.70729412743822,-5.67291590211169
0.0427655130624771,15.1330598314176
3.12821854371578,20.1182636794131
-0.124507911968976,3.51277260919381
1.67424701154232,16.3572996739902
2.12467028293759,17.9914292449995
1.26186902401969,15.8943974615316
-3.40702523710206,-4.13287610523468
2.78097355738282,18.8111210895704
0.80864783609286,12.6094287521977
-2.72411255165935,-3.36836920745351
3.09569372795522,19.7392271104683
4.58215217106044,22.4876259345229
4.83211784856394,21.889339063839
-3.94970025401562,-5.87109248804638
1.54588241130114,15.8334354142533
-2.9409436811693,-2.64780785962008
4.72374811302871,22.0686367126911
3.52053200826049,19.7404464196294
0.244972954969853,15.4175756145322
0.0765312975272536,12.1832108333914
-0.117997026536614,3.12575878920001
4.36818255111575,20.7236143704304
-0.530552787240595,2.00453326452558
0.837237266823649,13.9714186986402
-0.522064350079745,3.23158417285979
4.33668849058449,19.8588195163995
4.52626188984141,22.7248397445202
3.1328416406177,18.4184182447961
-4.39335202099755,-5.58194712290805
3.80324448924512,21.3128980121402
4.79413446038961,24.1487441657155
-3.26552238315344,-2.61699924416863
-1.69224733486772,-0.947154920472355
-1.0029221768491,-0.855044349180923
4.18005635496229,21.4865180320591
-1.65569822303951,-0.0579880710108467
1.83948705438524,17.0957621761589
-2.63936763163656,-1.7758408897111
-0.816167274024338,2.0863472767203
1.70688363956288,16.7576437083894
0.181306593585759,13.9080284704171
2.96142383944243,19.7064639135907
-4.15767493890598,-4.89671787427591
-2.85338412504643,-3.15460702491382
-3.91451610485092,-4.36857917452931
-1.53513065073639,1.4057760313903
-3.66073223995045,-3.20119203801347
1.43916130997241,15.5706422112502
-2.44580412982032,-2.13221836566623
-0.524620697833598,2.2379829734706
1.36594102950767,15.6601441282176
-4.01118028676137,-6.38816269010818
-0.904418167192489,-1.01180686333972
0.0589284813031554,14.3148727030591
-4.54091823194176,-4.77597966914714
2.8186319116503,18.8097229377658
-1.37806218350306,0.947895434956205
-4.21003439463675,-5.6797650489342
-4.6097307652235,-5.54972234343418
-0.660128840245306,-0.239216109362634
-4.51799992937595,-9.01499112177241
2.16992068337277,15.3113857967041
-2.4792722472921,-2.78579990155962
1.88831257168204,16.7977978398674
-4.64008010225371,-5.67372422646062
-0.861111364793032,1.13026665939369
1.2059703306295,16.0901546424829
-2.45529529871419,-3.14795138542813
-4.39061577897519,-6.67711766829611
-0.720874413382262,2.16584495422349
1.06994645204395,15.6395804030367
1.12126287072897,15.0098546934273
-2.72840773453936,-3.27138001332638
1.87340354081243,16.6305713367262
3.93616482615471,20.7524666076802
4.72586278337985,22.9735788299443
1.49823847459629,16.9337388157505
-4.11924016429111,-4.81423583445142
4.31583230849355,23.078323470661
0.954938640352339,17.6554825048469
0.0930277048610151,13.5588696912303
0.202851337380707,13.5812190319217
2.81560443108901,16.9219104490774
-0.634501441381872,1.56615393598216
0.612763848621398,14.6099116464961
4.58221375476569,23.6063164632926
-2.13141662767157,0.384022235845759
3.50635913433507,19.0864426252095
1.71630510594696,16.06055087353
0.0264743715524673,13.1900525638872
-1.53219968080521,-0.469326601756375
1.2093028286472,15.3713335402651
-4.34246132615954,-5.79585622860668
1.0044410941191,14.7082441257438
4.65995314298198,21.819623163991
-0.158993192017078,3.95359359012308
1.73899911111221,17.2146005817598
4.54533014446497,20.6528933650985
-4.07079409109429,-6.57778538909529
4.45201780647039,23.3120841758143
2.20905622001737,19.0044879038977
-1.36450610822067,0.247247321259889
4.91160416044295,22.5476618464216
-2.92580479755998,-4.02688258780174
2.32173689175397,17.4131531830674
-4.78227098705247,-4.32469162741003
-2.93015897274017,-3.72005071339158
-1.27904084743932,1.80943253788635
0.413953613024205,12.4337740737886
2.73174884030595,19.7876115698729
4.06394788995385,23.6093943985501
2.02104212250561,17.167691560609
3.18476972635835,18.8891888951327
-3.20877551101148,-3.18825865657465
-1.00848728092387,1.77174133436542
1.97958015603945,16.6505869401865
-2.31898804893717,-0.286080431229639
-4.49721728917211,-6.28040944453935
-0.898698058445007,0.545528627917952
4.20422738185152,20.9924152508784
1.16352442884818,14.5927569722946
2.88702714024112,19.1932117384389
-4.42022975767031,-3.86152703175441
2.922696727328,19.1542016878496
-1.09943225514144,1.32194796015676
-3.57617432717234,-4.91440916068306
3.64941191626713,19.5996720361649
-3.3503734273836,-5.17615962626955
-3.23487638961524,-2.23001408350118
0.255803987383842,13.487481344039
-0.0791983841918409,2.46045494168267
3.07758649112657,19.1594230140028
-2.77079400839284,-2.87752206390416
-3.46845138585195,-4.05425632117238
-2.8160954779014,-1.79436436901309
-1.2786960741505,0.47300043709972
2.78233128599823,18.612362064648
-4.69614244299009,-6.60581056205019
-2.43063814705238,-0.727555015308311
0.00586553942412138,12.9462092162804
-1.77072423277423,0.102078787798999
-4.93516926188022,-6.62956312700155
4.04868607642129,21.0590515091715
2.35285558504984,18.6782944002425
-4.41482287133113,-6.55043100935833
-1.39770667767152,1.64071432879738
-4.01968881022185,-4.93290866281284
2.62562395539135,19.3451055681549
2.50133798923343,17.0147348356452
-0.0357325724326074,1.67529911795446
2.44668348692358,17.0562264095695
1.77118826424703,16.2119337695687
0.226318254135549,14.5288036666875
-0.620491004083306,1.26960765917227
3.55802102712914,19.3846920786677
4.36897316016257,21.8347927612177
-2.47433770447969,-1.94519138857189
4.57682261941954,22.2282584838371
-4.14406025782228,-6.47011934779648
-0.186221222393215,1.03538189483785
1.77096335915849,16.4327573635253
3.6729310406372,20.1931251090703
-1.40191294951364,0.174090012258061
-2.13988750241697,-2.56885610858404
-1.60085685318336,1.83359414742903
3.63062873948365,22.1090544271682
4.06743455445394,20.4061696796595
-2.98156800214201,-2.89964765318659
3.6931868782267,19.1358831936271
0.798277948051691,14.6431489576579
-1.89605433726683,-1.44067520537496
-3.62734054448083,-2.27191772898719
0.0466278777457774,12.2600101253378
2.51197066856548,18.2608973623353
-0.674264871049672,1.77190212909907
-3.9708699262701,-4.78979892084461
-2.64047282747924,-1.78231234518366
3.28330105170608,18.736099273846
-2.70103108370677,-3.66032300623875
3.174119789619,20.4768058096519
-2.87728816503659,-2.41866128328506
4.74683890817687,22.0214084721719
0.476346188224852,14.8883720136977
2.74356997339055,17.7702231879644
3.59741864260286,20.3235020058491
1.8399730604142,17.7079709587277
1.66053362656385,17.1892052199772
0.811876514926553,13.8283955401115
-1.1825120029971,1.74792988211757
4.59400682942942,22.4616758689626
-3.19772631395608,-1.94843019395896
4.52225253684446,23.6422479917248
0.535791127476841,12.1310726219597
-2.83409429714084,-4.26810931829742
-1.59502413822338,-0.0259715971731967
2.42761683883145,19.6847161929606
3.58144836034626,20.7086415995504
-3.39325476903468,-3.43213865844492
1.9149982673116,17.3153593503653
2.89646878838539,20.3549744408667
1.63188972976059,14.3606222468845
1.89583278028294,17.0224186744663
0.764675796963274,14.5140120312261
1.16668568691239,15.5357690737681
2.8926466871053,20.0463385660554
-2.96116613317281,-0.731297727443052
3.74087447533384,21.3560029516127
4.7580448538065,21.9095387935735
-1.45324758952484,1.76134157556365
-0.200036824680865,3.96181915952273
2.21622324548662,17.9536974683706
3.83779832161963,19.7937891398367
-0.0279483245685697,2.7544672952803
3.12515886500478,18.3089155581396
-4.96871779439971,-6.07101496483241
1.23363313963637,16.0031704919398
2.71920765982941,18.2526766518235
-4.59985204972327,-6.21838845738211
-3.71722771320492,-4.58442147485195
3.59054516768083,21.5994614691796
-0.82500213291496,0.865761161983675
3.66775174858049,19.7705483394417
2.62933091726154,20.7530811697515
2.49158188002184,17.7504013674571
3.57841225573793,20.1454019081466
0.600377896334976,12.789645330735
-2.24814586341381,0.00173922060286147
-4.30441325064749,-4.95626057918558
-3.45066409325227,-4.59266993967189
1.70957623282447,16.5412586795205
-4.61771183647215,-7.22214007026669
-3.0166778457351,-4.16124698665954
-4.59064048016444,-6.14872534081554
1.76343687344342,16.2939506329912
0.762249554973096,13.0760334405401
3.27130439691246,19.8486394516554
-4.24518822692335,-4.49828784258915
-0.165376863442361,3.61372893483858
-4.09605054417625,-3.56386522717124
3.9522753469646,20.8801300328498
-1.99343272252008,-2.31413163122448
2.90081423707306,18.6639564036072
-0.271964794956148,2.75331934909367
-4.15453871013597,-4.07754653439046
2.09853258216754,14.532845117304
-4.69785137334839,-6.51299675510466
1.89020544290543,17.3028161666326
3.12811897136271,20.8957628115011
-1.40582723077387,-0.0524692447992773
0.270774795208126,14.7605384142334
3.90128672122955,20.4104631839682
0.598398896399885,14.041852785707
1.34057183051482,15.4000306070855
2.27740790462121,18.8131366830467
4.83010818250477,22.555414609837
0.731853141915053,16.4869612472849
-4.33039939031005,-5.56226500968595
3.6239238246344,18.1337059664567
4.26953869638965,21.4179025227297
-0.071029681712389,2.56325936877405
-0.14514333801344,3.3463668505006
-2.25800740765408,-1.63517060456128
1.45176643040031,15.4750965959582
1.39038369292393,15.0762582838543
2.25469351513311,16.7170008079785
-0.467813252471387,0.782040990673116
1.24688701936975,14.138069182308
1.77310282597318,15.0523585445463
0.850331569090486,12.6291805299247
2.37270544050261,16.7320312734063
1.20972845004871,15.3416178756262
4.88632148597389,22.0433140217963
3.34745465312153,22.2382631785372
2.84280854044482,19.1472722463476
-3.67568988353014,-4.33517867107288
-1.21895971009508,1.31041559258814
-1.99296603677794,-0.933137605496429
-2.05546587239951,-3.74571049530698
-3.71078553376719,-5.02030438439158
0.183367682620883,13.4857442187448
0.277550539467484,12.2493808573444
3.78612532746047,20.8669209442435
-4.82195562683046,-7.2613685695063
-2.56183626595885,0.167661064324515
3.02275394788012,19.2853959188248
-2.97585709253326,-2.78287400670114
-2.99586810404435,-2.99007057845689
-2.0948622119613,-1.62285501226578
-1.01566176163033,1.64085972656067
1.38924604747444,16.0909279422783
2.54823327064514,16.4842197332185
-0.663305139169097,-0.154061653375016
-3.19464969215915,-2.65749312343097
3.46709139412269,19.838130970176
-2.64145390596241,-2.34795974341412
-4.49172342894599,-7.24149385574433
-4.51862548477948,-7.13155316993315
-4.44582781754434,-6.37901895083246
0.1895821117796,13.7780526476453
4.18498309329152,22.0110079307888
3.91030620550737,21.6060048632784
4.04587764060125,19.159188795101
4.45499304449186,21.6045518188691
1.45502005238086,18.3855028292695
2.26694173878059,16.1020307498028
-4.86327002057806,-8.11387145853433
-3.41242308029905,-3.25683579539246
-1.01427351357415,0.691127853095024
4.3118159356527,20.9400311879272
1.49733949685469,17.3239810997461
-2.77101487619802,-1.69715731308863
-1.93048270884901,-0.474091990217711
-1.68226495618001,-0.251864634268379
0.463996941689402,13.9336406478764
4.19686129083857,21.0689672721089
-0.318052195943892,2.36794753185695
-2.59969127364457,-2.96737062615358
4.02595997555181,20.0876049780626
2.44981143856421,16.6609731435862
-2.74310972075909,-2.82860322090922
-0.98622468765825,2.34547017513661
-2.26012390339747,-2.17680063414651
1.00750152254477,16.0762409971933
-4.44392542820424,-4.23011326584524
4.71353395609185,22.0199661642504
-2.05337340943515,-2.59253314049174
-2.58677809033543,-1.89019088620781
-3.27526961220428,-2.17438031780183
2.97861203551292,17.935785935226
4.29299655137584,21.4957596108629
0.718437319155782,14.349815677799
-2.27834703400731,-0.560759811669094
0.531566333957016,12.9981111583669
-3.43924718908966,-6.4350218628468
-1.65208218386397,0.338362479817575
0.912193511612713,16.1636465316802
2.2127687651664,18.1937400785149
1.95447272853926,16.8396437650691
-0.130545927677304,2.83207418412213
0.0505081424489617,11.5431670945034
3.80891287699342,20.1559619179592
3.91701909014955,22.6067587849621
-3.64170896587893,-4.89125736846173
2.35427122563124,18.7453812129332
-3.62382683437318,-4.89638397025096
-4.93788651656359,-8.22632258313767
-1.17394028464332,0.727229586595303
0.907812756486237,16.2867935862266
2.01769090490416,16.8086979699901
-1.96562214754522,-1.24110828967964
-4.32158330455422,-5.86244340600636
0.22580319782719,14.3550710827109
2.12945772334933,17.9900916643292
2.80089060543105,17.4312392095841
-3.68337840307504,-6.55594214422561
-1.53080064570531,-0.216697879327127
0.594362507108599,14.0753216199415
-4.46838445728645,-5.81080785912935
0.739061636850238,14.9590144751404
-2.13008155114949,-2.5950698162555
3.15185848157853,20.5963080183172
3.94268497824669,22.7441864054959
-3.28445620369166,-4.04486847030413
4.87493512220681,22.3627970317221
-4.06936692772433,-6.20579781402234
-0.886062842328101,0.884355248959772
-4.55806938232854,-7.32533140161279
0.136825677473098,14.8611408721314
3.97771847434342,22.3656070040705
-0.96272402908653,-0.0676325753030667
2.60418882360682,17.2378488455362
3.12717744614929,19.7697141013081
-4.45169665617868,-5.71682048810391
-0.294314108323306,2.78800432390597
2.92550436221063,17.9456777507317
-4.27598781418055,-5.41354647045324
-1.62505665794015,0.583249559895139
-3.58301060507074,-2.4406049668352
-4.6132315415889,-5.07237006445855
3.70891965692863,19.5898680822924
-0.308284615166485,3.29382937193906
-4.81123844860122,-6.48525823150494
3.25150263030082,20.0813791221993
-3.83257342269644,-3.85679828763662
-1.82533542625606,-3.25674168185147
1.91336112562567,15.8769757906826
-1.39701867010444,1.72682169348265
4.84370552469045,23.5463225229691
-1.77746582543477,0.969332509774137
-2.53415690502152,-1.58444317373648
4.69217050587758,21.5128432178532
-1.09247155487537,1.20082352620653
-4.73569349152967,-4.91895729152002
0.481585022062063,14.1265895706763
-1.28017878159881,-0.428504088195102
-2.16504455776885,-3.06133756391707
-2.16553327394649,-1.33657943551635
0.916643787641078,14.6158054781218
0.815585535019636,13.2055849933338
-2.35001175198704,-3.71014211912229
-3.13579876208678,-4.09956552781737
1.73754898132756,17.5176807830058
0.915695696603507,14.6645829384226
1.06088492786512,14.4475599224936
1.28292012261227,16.0162340002949
-1.66531417751685,-1.35131473365404
-2.2356551932171,-0.734570345296518
1.75620135152712,16.6391604669084
3.23398084612563,18.6227041798486
2.08942067343742,17.1755631070002
-4.40369172953069,-3.82278664734822
-4.99084100360051,-7.78105424660383
-2.72788720438257,-3.25480384634309
2.09311336278915,17.1075358788118
-1.26240975921974,1.66647662656666
4.04344636015594,21.9898547812583
1.59634848125279,16.8005367105484
-2.21965922275558,-1.44493021168298
4.20085447141901,22.1802338496482
4.85172358341515,22.2339431222487
4.39696810208261,21.3851074322864
0.956342162098736,15.7026891908064
-4.40731920534745,-6.13930116196595
-3.60966623527929,-3.92270083555776
-4.34449085500091,-7.34328337083518
4.30778566282243,21.7717438618459
3.17120563006029,19.3674294208411
-2.35994664020836,-1.68373504086005
4.6339781023562,23.3481673166415
4.68929566675797,21.4930484836268
-2.21727902535349,-1.75790431299237
2.166660760995,17.3740600619789
-2.47996994061396,-4.20456542200878
-2.18020243570209,-3.28312719591543
1.5389554342255,15.3771350173794
0.930039349477738,13.866711142503
-0.445555201731622,2.74146938957769
-4.44685319205746,-5.39600239310221
2.50286186579615,18.4893876110701
-1.27769389888272,1.49058964534498
1.14221702562645,17.6542410517949
-2.78840156970546,-3.19009524874519
-3.27402055729181,-3.5469363700251
1.24260097974911,14.1601357921184
-2.42890272988006,-0.68302628902036
1.8891527177766,14.1747586297033
1.70765805756673,16.4693202895096
-3.02763501182199,-1.663959279261
4.88691900391132,22.391685931684
0.260311218444258,13.6963818478935
-3.99741847533733,-4.21331315686216
4.17563288006932,22.6539436115971
-1.22006735997275,-0.0406146797826072
1.61197929875925,17.7981215988534
2.66636929940432,17.5050974683008
2.44619177421555,18.3029612639926
-2.64801191166043,-3.30501006722865
-4.54795361263677,-6.47377962676417
-3.69349983753636,-7.31322113357662
1.29609702154994,17.0022645170626
4.48005317477509,20.4588337391067
3.66720891557634,20.0827402497326
0.624235805589706,13.2675726998247
4.53907656017691,22.655633041454
-3.62845522118732,-5.4052481352021
-2.98684944864362,-4.39272757420918
2.40203400142491,14.8128774519844
-1.80764913791791,-1.5055060716673
-0.871102961245924,2.34853615326362
-2.34383094124496,-2.80112403861682
-4.09127451013774,-5.32543772699293
3.81575708277524,20.3051186448435
-0.102956420741975,2.10400485680787
3.88124739518389,22.1633647849262
0.0998210068792105,14.0536869432948
0.287377925124019,14.0186473086722
-2.39360764157027,-2.62578515314614
-1.82669703382999,-0.0366256060502128
-3.92819526372477,-4.08913404482377
-4.22254646662623,-5.15934477804872
-1.84067880501971,-0.00489356261256346
-1.00960626499727,0.722642898167042
3.72951254015788,20.5855567754854
-4.43692529574037,-9.09494180749648
-3.84392817737535,-3.9299630269464
1.32793342927471,14.9282517745903
0.92672206228599,15.245814078583
4.6322299237363,22.1959669721822
1.69984944164753,16.4238136059945
-1.75519849173725,-0.0948282856093909
-1.10926272813231,0.201983360525474
-3.01306412555277,-4.55306411504154
-1.06387288309634,0.0911819498565283
4.8397684446536,22.5696632015012
-3.4793291031383,-4.9954391770712
-0.374740303959697,2.95089791790223
-2.86245198454708,-3.32953512846532
-1.41198577592149,-1.29261187618792
3.29228950897232,20.1437397414788
3.45449387794361,20.8846604716753
3.06111201643944,17.4526787634611
-0.727065403480083,3.68023878386491
4.9374274816364,22.3277851218489
3.8473946438171,20.7422340446969
3.77232474973425,21.3987413609469
0.0604675454087555,14.1999777886266
-3.58660275116563,-3.95352723210115
1.49801197927445,14.6500513819368
2.712479934562,17.7625115190933
0.845577446743846,14.5146529192326
2.54375058226287,18.334039768452
-3.36137927602977,-4.41305013160485
4.63395919883624,23.607924246358
1.24005255522206,14.9827990532407
0.231922175735235,14.4639045903805
-0.152045318391174,3.6729417509868
-1.39017367735505,1.05258408481914
3.78870920976624,18.4795534411433
-3.19543592398986,-3.71908975765451
-2.6099338196218,-3.87199354094466
-4.9525919277221,-6.1061542566719
2.28723117150366,17.248999286719
3.43434606445953,18.6297420633578
1.89321212470531,17.1789776039491
-0.37380414782092,3.85369087909069
-1.7698653973639,0.0454927120746744
1.18719945428893,14.5096911683429
-0.455633290112019,2.10145273626094
3.5796660115011,19.6911584226822
0.586201497353613,14.7305237095135
-3.26154091162607,-2.30155668627484
0.293074529618025,13.5861140961225
-0.981260712724179,2.55903974398523
1.66876033181325,15.9901699833757
-2.05007427604869,-0.841485355250982
1.8977816728875,16.7986106681403
-3.51230635074899,-2.00391496420247
-1.63966624997556,-0.145013708145937
1.64008185500279,14.7109213961646
1.89213765086606,18.5138319229509
-3.16351405810565,-5.59644693198074
3.29595001414418,19.0314596622366
-1.8573670159094,-0.538063341337454
-3.78402347443625,-6.36621093893376
-3.50489518605173,-2.60771748794563
-4.33874319540337,-5.80592495508723
2.28185005486012,19.4283191046312
4.16688636410981,20.6017412717701
2.95869656139985,18.7749542410018
3.46048627281561,20.2135377682389
2.09447952453047,16.0253300663204
1.3686969364062,17.2185013649323
1.46578549174592,15.182110833394
-3.85371271288022,-3.57156467100477
-3.59241091646254,-4.35466409552515
-3.31156738335267,-4.61544803105024
2.90849686134607,18.2785644683242
-1.89860654529184,-0.454268516446691
-0.547291289549321,1.36877074389514
3.57578015187755,21.4336116983972
2.33107948442921,17.9364761979266
4.9319543200545,22.9411168216111
1.239526104182,13.9350385589549
-0.260054857935756,2.97422659585267
2.23989764926955,16.9662814350344
-0.380437986459583,1.82769928943115
0.767428814433515,15.4151735901923
-4.29636363638565,-5.72813271287657
-0.832669697701931,0.557020512787719
-4.63105014758185,-4.72463711586838
-1.51901823701337,-1.36680439259131
3.20842079585418,20.4523897777984
-4.24589060945436,-3.9678084749988
4.85062777763233,20.8898743474055
-3.65473890211433,-4.73951963366679
-0.990575780160725,-0.0473159640861056
3.07025331771001,18.0784169394155
4.68587584095076,23.3885483398026
1.7430259543471,17.0963330371037
3.37934657698497,18.6313734148565
-4.71778803970665,-7.0242772800787
4.52726098708808,20.6137472856402
-4.46652168175206,-5.72550536691461
-3.18346295971423,-2.9732263960179
2.80992151936516,19.9299586535788
2.00867297593504,18.2626841306653
-2.32818688964471,-2.1648877623555
-0.799372491892427,1.08414830373682
4.03748503653333,22.8849966498952
3.14659632742405,20.1197992708579
4.98846159083769,22.5275467936482
4.62840500287712,23.5098925786683
0.852805806789547,15.4023546720987
3.14986482029781,18.2227669013153
4.13526405813172,22.3123523311794
4.61401806678623,24.2710710050315
2.90528874844313,19.0372995959032
-0.0628274516202509,3.8179027803988
4.17357909027487,22.3280419814609
-3.83851435501128,-4.55905215603179
-4.99496678123251,-6.32831773396913
-3.65119343157858,-3.70851939545785
0.485521978698671,13.824767407568
-4.26201368449256,-5.7402197196892
2.44003006955609,17.2289823581084
1.98445900343359,18.6493024865276
-1.93979969248176,-1.14285662628321
3.28509806655347,18.7525907551289
4.99002880882472,21.8803518979013
0.360205995384604,13.39381849644
2.11141943233088,17.4710160506544
-2.57410410791636,-1.93683978417718
0.187483546324074,12.4575373086439
-1.00336312083527,1.61819293324938
2.49586879275739,17.2928865058483
1.53720288071781,16.6792239672646
4.44693288067356,22.2427398846432
4.99487429624423,24.5435889453522
-2.56341974483803,-1.13440096478815
-4.31591012282297,-5.60278449022273
0.594852836802602,13.7048474648487
-1.69188127387315,-1.762621184411
-1.82928962633014,0.386760241431388
4.49173341272399,23.2798956609239
-4.68373126117513,-7.04180932855971
4.11158930975944,21.8495793217987
4.81721953721717,22.0978232428193
-4.39500375185162,-6.88247560318116
1.81060761446133,18.2171115598716
1.30388212157413,15.7122700616033
-2.42080755764619,-2.62242697234224
-2.39767896011472,-2.02183862746915
1.83134975843132,15.4931549569036
-1.93117628572509,-2.05650766702621
-4.33157491497695,-3.59348284196956
-4.05850801616907,-6.77826634710628
1.28153550205752,15.4773765193705
-4.03673995984718,-5.67655767146828
3.69845579378307,19.8248721182781
1.2263993313536,14.4767592176149
-3.628450401593,-6.19140488093395
-3.6364157195203,-4.1453654935784
2.83509739907458,19.100280735213
0.709623016882688,14.3070311539709
-0.197733568493277,1.61831797922425
